Subreddit,Title,Downs,Score,Comments,URL,Ups,Upvote_Ratio,Timestamp
cricket,"Daily General Discussion and Match Links Thread - February 13, 2025",0,5,27,https://www.reddit.com/r/Cricket/comments/1io7nuw/daily_general_discussion_and_match_links_thread/,5,1.0,1739410235.0
cricket,Trivia and Statistics Thursday Thread,0,3,2,https://www.reddit.com/r/Cricket/comments/1io7q1e/trivia_and_statistics_thursday_thread/,3,1.0,1739410410.0
cricket,Pakistan Get Their Highest Successful ODI Run Chase,0,997,100,https://i.redd.it/nzat4biisqie1.jpeg,997,0.98,1739380924.0
cricket,Shubman Gill was awarded the Player of the Series for India vs England ODI series,0,891,93,https://i.redd.it/rzazj4lq8qie1.png,891,0.97,1739374273.0
cricket,Pakistan wins : Mohammad Rizwan & Salman Ali Agha stitch together 260-run stand – the 3rd highest partnership for Pakistan in ODIs to chase down 353.,0,386,26,https://i.redd.it/67ucanddsqie1.jpeg,386,0.96,1739380944.0
cricket,'Just 1 net session in entire tour': Shastri rips into England; takes brutal dig after catching Archer napping in dugout,0,229,75,https://www.hindustantimes.com/cricket/just-1-net-session-in-entire-tour-ravi-shastri-rips-into-flippant-england-brutal-dig-napping-jofra-archer-on-air-101739373182339.html,229,0.97,1739390392.0
cricket,Rizwan Hits 122* (128) in Record Run Chase,0,319,34,https://i.redd.it/xg67ku2osqie1.jpeg,319,0.96,1739380976.0
cricket,"For the fourth consecutive time, Heinrich Klaasen falls short of his well-deserved century-each instance coming against Pakistan in the last four ODIs",0,526,40,https://i.redd.it/jujd11aujpie1.png,526,0.99,1739365903.0
cricket,Mark Adair celebrates Ireland's Test win over Zimbabwe in style,0,658,31,https://i.redd.it/kg9uoqtmwoie1.jpeg,658,0.99,1739358096.0
cricket,ICC Men's ODI batting and bowling rankings - [Last Updated - 11th February 2025],0,27,20,https://www.reddit.com/gallery/1io9mui,27,0.94,1739416282.0
cricket,Post Match Thread: South Africa vs Pakistan,0,145,126,https://www.reddit.com/r/Cricket/comments/1inw5uv/post_match_thread_south_africa_vs_pakistan/,145,0.98,1739380744.0
cricket,"Shubman Gill scored his 7th ODI hundred, with 112 runs off 102 balls against England.",0,445,27,https://i.redd.it/n9fj7t6xqoie1.jpeg,445,0.96,1739356177.0
cricket,Post Match Thread: India vs England,0,159,222,https://www.reddit.com/r/Cricket/comments/1insmes/post_match_thread_india_vs_england/,159,0.97,1739372026.0
cricket,"Wickets kept tumbling around him, but Charith Asalanka has played a captain's knock to keep Sri Lanka in the game, ends on 127(126)",0,526,26,https://i.redd.it/rhvaqblh1oie1.png,526,0.99,1739347623.0
cricket,Bangladesh captain Shanto: 'We are going to Champions Trophy to become champions',0,101,65,https://www.espncricinfo.com/story/bangladesh-captain-najmul-hossain-shanto-we-are-going-to-champions-trophy-to-become-champions-1472989,101,0.95,1739379580.0
cricket,Players ruled out or doubtful due to injuries and personal reasons for 2025 ICC Men's Champions Trophy so far.,0,439,97,https://i.redd.it/1p8t0x7b4oie1.jpeg,439,1.0,1739348573.0
cricket,Agha Salman's Maiden Hundred Seals Record Chase,0,68,2,https://i.redd.it/kyt405u1zqie1.jpeg,68,0.97,1739383123.0
cricket,"The original ""Fab 4"" of 70s, and the 80s comprising of Sunil Gavaskar, Viv Richards, Allan Border, and Javed Miandad",0,325,37,https://i.redd.it/ou6ggwxpdoie1.png,325,0.98,1739351882.0
cricket,"Bavuma, Breetzke and Klaasen power South Africa to an imposing 352/5",0,160,3,https://i.redd.it/ui6ygxb6jpie1.jpeg,160,0.99,1739365679.0
cricket,Shubman Gill is now the fastest batter to 2500 runs in ODIs.He gets to the mark in his 50th innings.,0,221,14,https://i.redd.it/w34cqv1pcoie1.jpeg,221,0.94,1739351391.0
cricket,Kerala halts the great run of Jammu Kashmir by managing a draw in quater final of ranji trophy,0,114,39,https://i.redd.it/q32c0pikbpie1.jpeg,114,0.98,1739363132.0
cricket,Match Thread: 3rd ODI - India vs England,0,300,7107,https://www.reddit.com/r/Cricket/comments/1inlczu/match_thread_3rd_odi_india_vs_england/,300,0.95,1739344225.0
cricket,Steve Smith is the 5th player to take 200 catches as a non wicket keeper. On track to break the record of 210 catches in ~7 Test Matches.,0,51,10,https://i.redd.it/5uioaew7iqie1.png,51,0.96,1739377539.0
cricket,"Match thread: Australian Dean Jones Cup (TAS vs VIC, QLD vs NSW, WA vs SA)",0,12,359,https://www.reddit.com/r/Cricket/comments/1io54kt/match_thread_australian_dean_jones_cup_tas_vs_vic/,12,0.84,1739403035.0
cricket,Post Match Thread: Sri Lanka vs Australia,0,118,187,https://www.reddit.com/r/Cricket/comments/1inoqmj/post_match_thread_sri_lanka_vs_australia/,118,0.99,1739359803.0
cricket,Stunning catch by Salman Ali Agha,0,65,1,https://youtu.be/E1B0Xo6w_N8?si=Ixg4sb0W6VWGj_km,65,0.89,1739364591.0
cricket,Match Thread: 3rd ODI Match - Pakistan vs South Africa,0,148,4139,https://www.reddit.com/r/Cricket/comments/1inm4kz/match_thread_3rd_odi_match_pakistan_vs_south/,148,0.97,1739347554.0
cricket,'That's the way cricket is meant to be played' - Gambhir backs India's left-right combination,0,17,9,https://www.espncricinfo.com/story/gautam-gambhir-on-india-having-left-right-combinations-its-about-impact-1473004,17,0.81,1739390733.0
cricket,Comparing the Fab Four's batting stats over time - who's had the best peak and the worst fall-off?,0,15,26,https://www.reddit.com/r/Cricket/comments/1io090n/comparing_the_fab_fours_batting_stats_over_time/,15,0.76,1739390587.0
cricket,Kuhnemann reported for suspected illegal action in Sri Lanka Tests,0,382,293,https://www.codesports.com.au/cricket/australian-spinner-matt-kuhnemann-reported-for-suspect-bowling-action/news-story/51559fe0b87d8725427cee08cd926bb2,382,0.98,1739323181.0
cricket,'I thought I played well in WTC final 2023' - Rahane on getting dropped from Test team,0,221,55,https://www.espn.in/cricket/story/_/id/43796291/ranji-trophy-ajinkya-rahane-dropping-test-side-kkr-captaincy,221,0.97,1739333826.0
cricket,U19 WC-winning cricketer Nabil announces retirement at the age of 21 due to respiratory problems.,0,12,2,https://www.thedailystar.net/sports/cricket/news/u19-wc-winning-cricketer-nabil-announces-shock-retirement-3822866,12,0.94,1739388522.0
cricket,GMR agree deal for Southern Brave to conclude Hundred sell-off,0,21,22,https://www.espncricinfo.com/story/gmr-agree-deal-southern-brave-conclude-hundred-sell-off-1472933,21,0.95,1739376803.0
cricket,The very worst game of cricket every played,0,37,9,https://www.reddit.com/r/Cricket/comments/1inpnp6/the_very_worst_game_of_cricket_every_played/,37,0.89,1739363345.0
cricket,Australia vs Sri Lanka ODI series results in Sri Lanka so far:,0,146,10,https://i.redd.it/544sx59xwmie1.jpeg,146,0.99,1739333980.0
cricket,Ed Joyce to step down as Ireland Women Head Coach following World Cup Qualifiers in April,0,14,6,https://cricketireland.ie/news/head-coach-to-step-away/,14,0.94,1739382330.0
cricket,Match Thread: 1st ODI - Sri Lanka vs Australia,0,158,3417,https://www.reddit.com/r/Cricket/comments/1inhf5w/match_thread_1st_odi_sri_lanka_vs_australia/,158,0.97,1739330041.0
cricket,India's Champion trophy squad,0,575,184,https://i.redd.it/5yg8ac0h0kie1.png,575,0.96,1739298853.0
cricket,"Australia’s Champion’s Trophy Squad Announced - Smith to Captain, Starc Injured",0,169,177,https://www.cricket.com.au/news/4214079,169,0.97,1739322433.0
cricket,Silicon Valley and Indian investors spend big as English cricket goes up for sale,0,21,3,https://apnews.com/article/hundred-cricket-auction-dd98e463138e39a4128302f374c7f464?utm_source=reddit.com&utm_medium=referral&utm_campaign=post,21,0.85,1739362921.0
cricket,Comparison of England's record in white ball cricket before and after the first edition of the Hundred (Aug 2021),0,7,14,https://www.reddit.com/r/Cricket/comments/1inwttu/comparison_of_englands_record_in_white_ball/,7,0.77,1739382359.0
cricket,[@sportsgully in IG ] The Difference in broadcast during night game in Australia vs India because of Air quality!,0,3308,298,https://i.redd.it/gnhf248gsgie1.jpeg,3308,0.97,1739259834.0
cricket,Bumrah set to miss Champion’s Trophy due to injury,0,298,134,https://www.espncricinfo.com/story/india-news-jasprit-bumrah-ruled-out-of-champions-trophy-1472791,298,0.98,1739296262.0
cricket,ILT20 Season 3 was a step back for UAE players as their battle for recognition goes on,0,26,19,https://www.thenationalnews.com/sport/cricket/2025/02/11/ilt20-season-3-was-a-step-back-for-uae-players-as-their-battle-for-recognition-goes-on/?s=34,26,0.91,1739343311.0
cricket,Chasing targets,0,15,5,https://www.reddit.com/r/Cricket/comments/1inmko0/chasing_targets/,15,0.9,1739349634.0
cricket,Match Thread: 51st Match - Oman vs United States of America,0,22,39,https://www.reddit.com/r/Cricket/comments/1inj25q/match_thread_51st_match_oman_vs_united_states_of/,22,0.94,1739335544.0
cricket,AM Ghazanfar ruled out of Champions Trophy and IPL,0,9,2,https://m.cricbuzz.com/cricket-news/133411/am-ghazanfar-ruled-out-of-champions-trophy-and-ipl,9,0.82,1739342383.0
cricket,Least Tests played for Three Consecutive Wins,0,331,53,https://i.redd.it/f6hb749fjhie1.png,331,0.98,1739268915.0
cricket,ICC names Jomel Warrican and Beth Mooney as Players of the Month for January 2025.,0,175,5,https://i.redd.it/xz0fwnnseiie1.jpeg,175,0.98,1739279460.0
cricket,"Match Thread: Ranji Trophy, Quarter-Finals, Day 5",0,12,27,https://www.reddit.com/r/Cricket/comments/1inh69h/match_thread_ranji_trophy_quarterfinals_day_5/,12,0.88,1739329261.0
cricket,Bangladesh set to host Zimbabwe for two match Test series in April.,0,75,16,https://3-mob.com/sport/bangladesh-set-to-host-zimbabwe-for-two-test-series/,75,0.97,1739292106.0
cricket,"""We're on the right track."" - Jos Buttler ADAMANT England's style can bring success after India loss",0,0,2,https://youtu.be/k-bRdAlBLPc?si=M65yGs-80VpxsVZV,0,0.33,1739385187.0
cricket,How fast should I be bowling in cricket as a fast bowler at u15 to go county level (england),0,37,29,https://www.reddit.com/r/Cricket/comments/1in775s/how_fast_should_i_be_bowling_in_cricket_as_a_fast/,37,0.93,1739302512.0
cricket,Australia's Test performance with and without Josh Hazelwood since his debut,0,201,76,https://i.redd.it/0ideg87zehie1.jpeg,201,0.89,1739267415.0
cricket,Do I get professional knocking gor my new bat?,0,3,4,https://www.reddit.com/r/Cricket/comments/1inm3qc/do_i_get_professional_knocking_gor_my_new_bat/,3,0.67,1739347447.0
cricket,ICC bans Bangladesh Women's Shohely Akhter for five years on corruption charges,0,62,12,https://www.espncricinfo.com/story/icc-bans-bangladesh-s-shohely-akhter-on-corruption-charges-1472836,62,0.96,1739287697.0
cricket,India comeback always on my mind: Shardul Thakur,0,176,42,https://timesofindia.indiatimes.com/sports/cricket/news/india-comeback-always-on-my-mind-shardul-thakur/articleshow/118123010.cms,176,0.96,1739263804.0
cricket,The Hundred: Chelsea co-owner Todd Boehly buys stake in Trent Rockets for close to £40m,0,75,48,https://www.skysports.com/the-hundred/news/36888/13307157/the-hundred-chelsea-co-owner-todd-boehly-buys-stake-in-trent-rockets-for-close-to-gbp40m,75,0.94,1739279542.0
cricket,"Daily General Discussion and Match Links Thread - February 12, 2025",0,8,110,https://www.reddit.com/r/Cricket/comments/1infduc/daily_general_discussion_and_match_links_thread/,8,1.0,1739323836.0
cricket,What if? Wednesday,0,5,5,https://www.reddit.com/r/Cricket/comments/1infg64/what_if_wednesday/,5,0.86,1739324009.0
cricket,The Australian state cricket team logos as they were in the late 1990's compared to now.,0,533,120,https://i.redd.it/spwh2j4iieie1.png,533,0.99,1739232278.0
cricket,Zaheer Khan says Gautam Gambhir’s ‘excessive flexible approach’ can create insecurity in India’s white-ball set-up,0,101,15,https://indianexpress.com/article/sports/cricket/zaheer-khangautam-gambhir-flexible-approach-insecurity-india-white-ball-9829457/,101,0.93,1739263648.0
cricket,Which ICC Men's Champions Trophy moment holds a special place in your scrapbook?,0,107,58,https://i.redd.it/qf6e7afozgie1.png,107,0.94,1739262266.0
cricket,Shanaka in trouble with SLC after two matches in two countries in one day,0,26,7,https://www.espncricinfo.com/story/slc-to-conduct-inquiry-after-shanaka-leaves-first-class-match-midway-to-play-ilt20-1472835,26,0.91,1739288100.0
cricket,When Ashish Nehra Bought House To Save Childhood Coach Tarak Sinha From Major Crisis,0,63,5,https://www.news18.com/cricket/when-ashish-nehra-bought-house-to-save-childhood-coach-tarak-sinha-from-major-crisis-9222701.html,63,0.92,1739264397.0
cricket,Non-British fans of British teams?,0,10,10,https://www.reddit.com/r/Cricket/comments/1in3e69/nonbritish_fans_of_british_teams/,10,0.86,1739293303.0
cricket,‘I thought maybe it’s my day’: Fakhar Zaman relives Pakistan’s Champions Trophy 2017 triumph,0,127,15,https://i.redd.it/rfoqeck5gfie1.jpeg,127,0.92,1739243593.0
cricket,Leg spin gone wide!,0,20,13,https://www.reddit.com/r/Cricket/comments/1imwil4/leg_spin_gone_wide/,20,0.83,1739273515.0
cricket,Williamson second fastest to 7000 ODI runs,0,1090,127,https://i.redd.it/g5oexlksbbie1.jpeg,1090,0.99,1739193700.0
cricket,Why more pure batters don't learn wicket keeping? In order to make a stronger case for themselves in the XI,0,8,30,https://www.reddit.com/r/Cricket/comments/1in1n99/why_more_pure_batters_dont_learn_wicket_keeping/,8,0.61,1739288949.0
cricket,The 18 English County Club logo's. Obviously a lot of them are simply adaptions of the traditional county heraldry.,0,52,19,https://i.redd.it/aib07sj3yfie1.png,52,0.96,1739249893.0
cricket,Post Round Thread: Sheffield Shield 24/25 - Round 7,0,30,25,https://www.reddit.com/r/Cricket/comments/1imtgrn/post_round_thread_sheffield_shield_2425_round_7/,30,0.98,1739259931.0
cricket,"Williamson flies to 133*(113) against South Africa, leads New Zealand to victory",0,771,106,https://i.redd.it/qqbn28pj0bie1.jpeg,771,0.98,1739190189.0
cricket,Home Test drought continues as Zimbabwe fall short against Ireland.,0,32,1,https://www.zimsphere.co.zw/2025/02/home-test-drought-continues-as-zimbabwe.html,32,0.97,1739252147.0
cricket,Cricket Bat for club level?,0,4,5,https://www.reddit.com/r/Cricket/comments/1in2rw8/cricket_bat_for_club_level/,4,0.83,1739291786.0
cricket,Australia emerge from Test season with flying colours and new options,0,93,23,https://www.espncricinfo.com/story/australia-emerge-from-test-season-with-flying-colours-and-new-options-1472728,93,0.92,1739229652.0
cricket,Zimbabwe remain winless at home in Tests since 2013,0,77,9,https://www.espncricinfo.com/story/zim-vs-ireland-only-test-stats-zimbabwe-remain-winless-at-home-since-2013-1472758,77,0.99,1739231726.0
cricket,The Science Behind Bowling Actions | DineticQ ft. PCB | Ubaid Shah | Ali Raza | Mo Zeeshan,0,13,1,https://youtu.be/dyblnP-B7sA?si=WLOqhcwk0evRrTCh,13,0.81,1739260798.0
cricket,KL Rahul's batting average at each ODI batting position,0,296,58,https://i.redd.it/1psfhynopbie1.png,296,0.96,1739198369.0
cricket,"Closing on to 50 INTL. hundreds, Kane smashed his 47th today!",0,452,20,https://i.redd.it/e5c6cd220bie1.jpeg,452,0.98,1739189788.0
cricket,Graph looks uncanny. Total run each year by Virat and Rohit,0,192,52,https://i.redd.it/49nbyj67ecie1.png,192,0.9,1739206641.0
cricket,"Match thread: Sheffield Shield (TAS vs VIC, QLD vs NSW, WA vs SA)",0,35,212,https://www.reddit.com/r/Cricket/comments/1imjuqa/match_thread_sheffield_shield_tas_vs_vic_qld_vs/,35,1.0,1739228487.0
cricket,West Indies Championship Regional Roundup Week 1 & 2,0,26,5,https://www.reddit.com/r/Cricket/comments/1imlzrk/west_indies_championship_regional_roundup_week_1_2/,26,1.0,1739234419.0
cricket,Ireland defeat Zimbabwe by 63 runs in Bulawayo to win their third Test in a row,0,398,99,https://i.redd.it/g6f15zklz9ie1.jpeg,398,0.99,1739177491.0
cricket,What should be the IPL rule for foreign players in a lineup when it has its next expansion?,0,1,20,https://www.reddit.com/r/Cricket/comments/1in3f3g/what_should_be_the_ipl_rule_for_foreign_players/,1,0.52,1739293362.0
cricket,"Match Thread: Ranji Trophy Quarter-Finals, Day 4",0,15,22,https://www.reddit.com/r/Cricket/comments/1imo313/match_thread_ranji_trophy_quarterfinals_day_4/,15,0.95,1739241024.0
cricket,Most wins after 50 matches in Men's ODIs as captain:,0,399,72,https://i.redd.it/wvsod6hkq9ie1.jpeg,399,0.98,1739174454.0
cricket,Breetzke Hits 150 (148); The Highest Score by a Debutant in ODI History,0,346,29,https://i.redd.it/h2scqq17p9ie1.jpeg,346,0.99,1739173994.0
cricket,'Marn's similar to me in a way': Steve Smith defends struggling Labuschagne as selection doubt lingers,0,337,71,https://i.redd.it/xpqjzt94r9ie1.jpeg,337,0.98,1739174638.0
cricket,"Shastri, Ponting weigh in on Pakistan's chances at Champions Trophy",0,88,60,https://i.redd.it/ocafxl5mubie1.jpeg,88,0.92,1739200029.0
cricket,Highest Scores on ODI Debut,0,152,9,https://i.redd.it/yew84ouqsaie1.jpeg,152,0.99,1739187302.0
cricket,Most hundreds in winning cause in Men's Tests:,0,483,129,https://i.redd.it/9gb6w72kn8ie1.jpeg,483,0.98,1739161335.0
cricket,Torrent Group set to buy majority stake in Gujarat Titans,0,34,25,https://africa.espn.com/cricket/story/_/id/43781979/ipl-2025-torrent-group-set-buy-majority-stake-gujarat-titans,34,0.97,1739212789.0
cricket,India v England: Ben Duckett says Champions Trophy success would justify series defeat,0,10,21,https://www.bbc.com/sport/cricket/articles/c20gj43x60xo,10,0.66,1739235519.0
cricket,Phase-wise Economy Rate and Wickets of Strike Bowlers in ODIs,0,36,9,https://i.redd.it/eic2edyqacie1.jpeg,36,0.92,1739205455.0
cricket,"Daily General Discussion and Match Links Thread - February 11, 2025",0,7,91,https://www.reddit.com/r/Cricket/comments/1imn0ry/daily_general_discussion_and_match_links_thread/,7,1.0,1739237435.0
cricket,Sri Lanka's squad for the ODI series against Australia,0,57,26,https://i.redd.it/v9gz77dlgbie1.png,57,0.93,1739195316.0
cricket,Most player of the match awards in test cricket. Will Smith or Root catch up to Kallis?,0,121,60,https://i.redd.it/po6m47pq0aie1.jpeg,121,0.97,1739177878.0
cricket,"Matthew Humphreys takes 6/57 in the 4th innings against Zimbabwe, best figures for Ireland in Tests",0,111,11,https://i.redd.it/wl04z1km2aie1.jpeg,111,1.0,1739178508.0
cricket,A history of the Champions Trophy in eight matches,0,21,0,https://www.espncricinfo.com/story/a-history-of-the-champions-trophy-through-some-of-its-matches-osman-samiuddin-1098721,21,1.0,1739210308.0
soccer,Non-PL Daily Discussion,0,16,11,https://www.reddit.com/r/soccer/comments/1inmu1r/nonpl_daily_discussion/,16,0.8,1739350841.0
soccer,Daily Discussion,0,25,1505,https://www.reddit.com/r/soccer/comments/1inrgig/daily_discussion/,25,0.86,1739368888.0
soccer,Everton fans stormed the pitch after the equalizer,0,7540,507,https://v.redd.it/1g2fo1b63sie1,7540,0.96,1739396637.0
soccer,Everton [2] - 2 Liverpool - James Tarkowski 90‎+‎8‎'‎,0,7603,1450,https://streamff.link/v/33e971b0,7603,0.95,1739395707.0
soccer,FT tension rises between the last Merseyside Durby at Goodison Park,0,4810,1000,https://v.redd.it/i76irxq62sie1,4810,0.98,1739396306.0
soccer,Mo Salah run (no foul given) 91',0,4546,675,https://v.redd.it/igsz6xcy2sie1,4546,0.93,1739396601.0
soccer,Neymar skill vs Corinthians,0,1331,94,https://v.redd.it/gpwrvcc8btie1,1331,0.97,1739411433.0
soccer,"Paquetá promised his brother a yellow card as a birthday gift, says whistleblower.",0,2947,117,https://www.espn.com.br/futebol/artigo/_/id/14786906/delator-cpi-diz-lucas-paqueta-prometeu-cartao-como-presente-de-aniversario-ao-irmao,2947,0.99,1739394995.0
soccer,Green Brigade's banner at Celtic Park tonight during their CL match against Bayern,0,2262,1,https://i.redd.it/af8yegygbsie1.png,2262,0.89,1739399406.0
soccer,"Paris FC has announced that starting next season they'll move Stade Jean-Bouin. This is how close their new home is to Parc des Princes, PSG's stadium.",0,4859,334,https://i.redd.it/r33yawpg5rie1.jpeg,4859,0.99,1739385285.0
soccer,Liverpool captain on the draw against Everton “we all know this is their cup final. Referee played big part in the game today”,0,1537,702,https://v.redd.it/le7ptqijpsie1,1537,0.86,1739404153.0
soccer,[OptaJoe] 120 - Tonight was the 120th and final Merseyside derby at Goodison Park between Everton and Liverpool in all competitions. Both sides have won exactly 41 each of those fixtures (D38). Shared.,0,1771,111,https://bsky.app/profile/optajoe.com/post/3lhz5ctiak22a,1771,0.97,1739396843.0
soccer,Celtic 0 - [1] Bayern Munich - Michael Olise 45‎'‎,0,1133,142,https://streamff.link/v/95a38f81,1133,0.97,1739393124.0
soccer,King Charles asks Heung-min Son if “the team is in good order at the moment” with Daniel Levy watching,0,224,36,https://v.redd.it/wmjgers4duie1,224,0.99,1739424179.0
soccer,Everton 1 - [2] Liverpool - Mohamed Salah 73',0,982,204,https://streamin.one/v/kzxngslq,982,0.91,1739394239.0
soccer,"[pilkanozna]  Lewandowski: ""When Lamine Yamal came to train with us, I found out that he was 15. It was the first time I saw a boy who impressed me so much, and I admit that it's difficult for someone to impress me.  It's not even about talent, but that he plays as if he were 5 or 7 years older",0,2070,107,https://pilkanozna.pl/przyszlosc-lewandowskiego-w-barcelonie-wyjasniona-jest-porozumienie/,2070,0.97,1739379678.0
soccer,Everton fans welcoming their team for the final Merseyside derby at Goodison Park.,0,1301,42,https://streamable.com/8567cv,1301,0.96,1739386775.0
soccer,"No alcohol at all will be allowed at 2034 World Cup, Saudi ambassador tells LBC",0,4266,923,https://www.lbc.co.uk/news/sport/no-alcohol-at-all-allowed-2034-world-cup-saudi-ambassador-to-uk/,4266,0.96,1739362527.0
soccer,[David Ornstein] Kai Havertz set to miss rest of season through injury. Arsenal forward suffered torn hamstring during training at AFC camp in Dubai. Unclear if 25yo Germany international will require surgery but focus is getting fit for 2025-26 campaign.,0,4456,1034,https://www.nytimes.com/athletic/6129812/2025/02/12/kai-havertz-hamstring-injury-arsenal/?s=09,4456,0.98,1739361201.0
soccer,Gasperini: “This sport is now going in a direction that has nothing to do with the game of football”,0,869,100,https://gianlucadimarzio.com/gasperini-intervista-club-brugge-atalanta-champions-league-12-febbraio-2025/,869,0.96,1739392350.0
soccer,"Lazio's ex-falconer against president Lotito: ""He's dishonest, I will sue him. The first time I saw him he was snoring"" -- ""I have seen several players cry because of how they were treated. I am a martyr, for 7 months I was not paid. He sent the police to my room after the operation"".",0,643,57,https://www.gazzetta.it/Calcio/Serie-A/Lazio/12-02-2025/lazio-il-falconiere-contro-lotito-lo-denuncio-le-parole-a-radiosei.shtml,643,0.98,1739397099.0
soccer,Everton 1 - [1] Liverpool - A. Mac Allister 16',0,907,144,https://streamin.one/v/p8kz5egj,907,0.9,1739389525.0
soccer,Everton [1] - 0 Liverpool - Beto 11',0,798,177,https://streamin.one/v/2xkghar9,798,0.92,1739389268.0
soccer,Upamecano with his MOTM award,0,476,42,https://i.redd.it/5imcduhs7sie1.jpeg,476,0.95,1739398170.0
soccer,Post Match Thread: Everton 2-2 Liverpool | English Premier League 2024-2025 (Match Day 24) - Final Merseyside Derby at Goodison,0,480,1568,https://www.reddit.com/r/soccer/comments/1io2fb0/post_match_thread_everton_22_liverpool_english/,480,0.94,1739396037.0
soccer,[Sport Bild] Guardiola wants Florian Wirtz to replace De Bruyne at Manchester City. They already attempted to sign him in January,0,2100,293,https://www.bild.de/sport/fussball/guardiola-will-wirtz-neuer-spielmacher-fuer-manchester-city-67aa4d9c77b48c14269afc61,2100,0.96,1739366147.0
soccer,Club Brugge [2]-1 Atalanta - Gustaf Nilsson penalty 90'+4',0,566,293,https://streamin.one/v/80f85257,566,0.97,1739388930.0
soccer,Celtic 0 - [2] Bayern Munich - H. Kane 49',0,429,81,https://streamin.one/v/udl04xk0,429,0.95,1739394436.0
soccer,Dani Ceballos to Brahim: “Thank you for saving me from not playing anymore for 2 months.”,0,3171,112,https://i.redd.it/zgns4ldonoie1.jpeg,3171,0.97,1739355086.0
soccer,"[OptaJoe] 22 - Mo Salah has been directly involved in 22 goals in Liverpool's 13 Premier League away games this season (13 goals, 9 assists), the most ever away goal involvements in a single season by any player in the competition's history, overtaking Andy Cole's 21 in 1993-94. King.",0,509,53,https://bsky.app/profile/optajoe.com/post/3lhyx3ydhck2a,509,0.91,1739390096.0
soccer,"[OptaJean] Michael Olise has already scored 5 goals in his 1st Champions League campaign. Among French players, only Thierry Henry (7) and Kylian Mbappé (6) have done better on their UCL debuts. Hope.",0,310,23,https://bsky.app/profile/optajean.optajoe.com/post/3lhz3ring322x,310,0.94,1739396802.0
soccer,Feyenoord [1] - 0 AC Milan - Igor Paixão 3',0,383,81,https://streamin.one/v/2fx7tbww,383,0.98,1739390770.0
soccer,"Vinicius Jr on the banner by City fans and the MOTM award: ""I saw the banner, but whenever the opposing fans do these things, they give me more strength to play a great game. it doesn't matter who scores or is the MOTM, we are here to do great things for this shirt and put Madrid in the top spot.""",0,1119,90,https://www.marca.com/futbol/real-madrid/2025/02/11/vinicius-hablar-presi-ojala-pueda-seguir-aqui.html,1119,0.88,1739369481.0
soccer,Igor Paixão with his MOTM award,0,218,25,https://i.redd.it/keahm57wfsie1.jpeg,218,0.96,1739400894.0
soccer,Celtic [1] - 2 Bayern Munich - Daizen Maeda 79‎'‎,0,274,46,https://streamff.link/v/3bea475f,274,0.96,1739396238.0
soccer,Copa del rey semifinals' ties set.,0,1395,181,https://i.redd.it/4543v9wscpie1.png,1395,0.98,1739363569.0
soccer,[BBC] Everton sponsor leaves UK after porn ad probe,0,437,72,https://www.bbc.co.uk/news/articles/cg5y9ggqpqdo,437,0.97,1739385254.0
soccer,[UEFA] Bayern defeat Celtic FC  who have lost a fixture at home after 410 days.,0,228,55,https://www.uefa.com/uefachampionsleague/match/2044477--celtic-vs-bayern-munchen/,228,0.95,1739397921.0
soccer,Post-Match Thread: Feyenoord 1-0 AC Milan | UEFA Champions League,0,228,256,https://www.reddit.com/r/soccer/comments/1io33ev/postmatch_thread_feyenoord_10_ac_milan_uefa/,228,0.98,1739397741.0
soccer,Honiara Super League (Solomon Islands 2nd Division) table after matchday 9,0,225,27,https://i.redd.it/e6g7dj542sie1.jpeg,225,0.95,1739396344.0
soccer,Premier league standing after week 24,0,209,78,https://i.redd.it/mcceybw03sie1.jpeg,209,0.93,1739396566.0
soccer,Monaco 0 - [1] Benfica - Vangelis Pavlidis  48',0,226,50,https://streamin.one/v/4df2c06a,226,0.99,1739394635.0
soccer,[Record] Mexican striker Jose Juan Macias retires at age 25 due to a number of injury setbacks,0,799,22,https://www.record.com.mx/futbol-liga-mx-noticias/jose-juan-macias-se-retira-del-futbol-los-25-anos-las-lesiones-lo-obligan?amp,799,0.98,1739369637.0
soccer,Will Murdock (Man United U18) incredible save against Chelsea,0,173,7,https://v.redd.it/7t4ez0egasie1,173,0.91,1739399072.0
soccer,"Feyenoord has managed to keep a clean sheet in three home games in a row, two of which were in the Champions League against Bayern Munich ( 3-0) and AC Milan (1-0)",0,80,5,https://i.redd.it/6k2tassg8tie1.jpeg,80,1.0,1739410514.0
soccer,[Matt Law] Chelsea have been hit by a significant blow after striker Nicolas Jackson was ruled out until after the international break at the end of March.,0,187,106,https://www.telegraph.co.uk/football/2025/02/12/chelsea-striker-crisis-nicolas-jackson-injury-april/,187,0.95,1739391504.0
soccer,Argentinos Juniors [1]-0 Huracán - Tucu Herrera 9' (GREAT GOAL),0,84,6,https://v.redd.it/xxgu5ti9psie1,84,0.99,1739404068.0
soccer,Erling Haaland lip slomo reaction to hitting the crossbar,0,17223,355,https://v.redd.it/lzo6iu2iskie1,17223,0.98,1739308279.0
soccer,VfL Wolfsburg Ladies lose their first DFB Pokal match since November 2013,0,143,15,https://www.zdf.de/sport/dfb-pokal/frauen-tsg-hoffenheim-vfl-wolfsburg-highlights-saison-2024-25-zusammenfassung-100.html,143,0.96,1739392589.0
soccer,Club Brugge 1-0 Atalanta - Ferran Jutgla 15',0,234,30,https://streamin.one/v/a5a0a9f8,234,0.98,1739383254.0
soccer,Al Musrati (Monaco) second yellow card against Benfica 52',0,124,182,https://streamin.one/v/6cec1992,124,0.97,1739395262.0
soccer,Post Match Thread: Celtic 1-2 Bayern Munich | UEFA Champions League,0,100,119,https://www.reddit.com/r/soccer/comments/1io2z1q/post_match_thread_celtic_12_bayern_munich_uefa/,100,0.97,1739397437.0
soccer,"Vinicius, Mbappe, Bellingham having a laugh after scoring the equalizer.",0,9071,310,https://v.redd.it/v76sw8kw4lie1,9071,0.94,1739312454.0
soccer,Manchester City 2 - [3] Real Madrid - J. Bellingham 90+2',0,9250,1146,https://streamin.one/v/k668efta,9250,0.97,1739310737.0
soccer,Vini with a nasty nutmeg and trivela pass to create a chance for Mbappe,0,6044,140,https://v.redd.it/zfbx8kb1flie1,6044,0.96,1739316024.0
soccer,[Mundo Deportivo] Jonathan Tah has choosen FC Barcelona as his next step.,0,63,39,https://www.mundodeportivo.com/futbol/fc-barcelona/20250213/1002406658/tah-elige-barca.html,63,0.88,1739403575.0
soccer,Ratcliffe believes latest Manchester United job cuts will help club avoid going bust | Manchester United,0,237,208,https://www.theguardian.com/football/2025/feb/12/sir-jim-ratcliffe-manchester-united-job-cuts-ineos,237,0.9,1739376961.0
soccer,Sunderland [1] - 0 Luton Town - Enzo Le Fee 13',0,109,25,https://v.redd.it/rvoj3tkzkrie1,109,0.88,1739390563.0
soccer,Vinícius Junior recieves his player of the match award against Manchester City,0,6863,522,https://i.redd.it/04b5fwem2lie1.jpeg,6863,0.91,1739311682.0
soccer,"Rummenigge on players complaining due to the crowded schedule with the new Club World Cup: “Players should stop complaining! All the contract negotiations that I witnessed with us always go in one direction: ever higher, ever further, ever faster. But all that money has to come from somewhere.”",0,1000,179,https://sportbild.bild.de/fussball/fc-bayern-muenchen/bayern-aufsichtsrat-karl-heinz-rummenigge-spieler-sollen-nicht-jammern-67ab0e6e6da9a8373ed63d98,1000,0.93,1739346296.0
soccer,[@theathleticfc.bsky.social on Bluesky] Club Bruges' first win at home against an Italian team since April 1978; first win for the Belgians against an Italian team in European competition since 2003.,0,101,10,https://bsky.app/profile/theathleticfc.bsky.social/post/3lhywlrhhtw2i,101,0.87,1739390939.0
soccer,Celtic 0 - 0 FC Bayern München - Disallowed Goal,0,102,50,https://www.goalstube.online/2025/02/celtic-fc-bayern-munchen.html,102,0.94,1739390729.0
soccer,Fede Valverde's pass to Jude Bellingham vs Man City,0,3409,123,https://v.redd.it/dbqa3fviwlie1,3409,0.96,1739321739.0
soccer,Jose Mourinho aims sarcastic 'GOAT' dig at Mauro Icardi after Galatasaray striker labelled Fenerbahce boss 'The Crying One',0,96,14,https://www.goal.com/en-qa/lists/jose-mourinho-aims-sarcastic-goat-dig-at-mauro-icardi-after-galatasaray-striker-labelled-fenerbahce-boss-the-crying-one/blt6431a6f6b42ebf1f,96,0.85,1739390448.0
soccer,Club Brugge 1-[1] Atalanta - Mario Pasalic 41',0,127,17,https://streamin.one/v/61e91aca,127,0.96,1739384829.0
soccer,Post-Match Thread: Club Brugge 2-1 Atalanta | UEFA Champions League,0,98,174,https://www.reddit.com/r/soccer/comments/1inznjs/postmatch_thread_club_brugge_21_atalanta_uefa/,98,0.97,1739389132.0
soccer,[L'Equipe] Ligue 1 broadcaster DAZN only paid half of the domestic TV rights money Ligue 1 clubs were owed for February(€70m). DAZN have grown tired of LFP's efforts in the fight against piracy and they are also angry at the clubs for their limited help in giving the broadcaster editorial content,0,182,43,https://www.lequipe.fr/Medias/Actualites/Dazn-n-a-paye-que-la-moitie-de-sa-facture-pour-les-droits-tv-de-la-ligue-1/1539543,182,0.96,1739376021.0
soccer,"The Teams in the Top-5-Leagues with the most defeats after leads this season in all competitions: Leipzig and Southampton lead the way with 6 losses; Manchester City, Tottenham, Brentford, Monaco, Valencia and Girona follow with 5.",0,51,17,https://i.redd.it/iu0ikoxrbsie1.png,51,0.95,1739399664.0
soccer,Bernardo Silva foul on Bellingham (no free kick given),0,5314,305,https://v.redd.it/bpaq53r10lie1,5314,0.95,1739310824.0
soccer,Visit Rwanda deal does not 'match ethics' of PSG - Mulumbu,0,37,8,https://www.bbc.com/sport/football/articles/cy8pz91j5eqo.amp,37,0.82,1739404900.0
soccer,[PrimeVideoSport] City Tifo,0,6929,311,https://i.redd.it/j0n77hi1gkie1.jpeg,6929,0.95,1739304090.0
soccer,Post Match Thread: AS Monaco 0-1 Benfica | UEFA Champions League,0,53,29,https://www.reddit.com/r/soccer/comments/1io2zpj/post_match_thread_as_monaco_01_benfica_uefa/,53,0.98,1739397484.0
soccer,"[Bogert] Latest on Toronto FC's Lorenzo Insigne dilemma: TFC brought three top-flight offers from Italy, Spain & Turkey.  Insigne turned all 3 down.",0,17,13,https://bsky.app/profile/tombogert.bsky.social/post/3lhzj2cwntc2v,17,1.0,1739418928.0
soccer,Match Thread: Everton vs Liverpool | English Premier League 2024-2025 (Match Day 24) - Final Merseyside Derby at Goodison Park,0,73,3302,https://www.reddit.com/r/soccer/comments/1inz7qb/match_thread_everton_vs_liverpool_english_premier/,73,0.92,1739388061.0
soccer,"[LOSC] A favourable medical opinion for Nabil Bentaleb, who will soon be back on the pitch!",0,46,2,https://www.losc.fr/actualites/2025-02-12/avis-medical-favorable-pour-nabil-bentaleb-prochainement-de-retour-sur-les-terrains,46,0.94,1739395292.0
soccer,Australia has launched a second tier in their pyramid,0,116,28,https://i.redd.it/z6ei1bgwbpie1.png,116,0.96,1739377176.0
soccer,"Rui Borges (Sporting's manager): ""Gyökeres? He has difficulties also because of the lack of air, from his lungs...""",0,406,84,https://www.record.pt/multimedia/videos/detalhe/rui-borges-gykeres-tem-dificuldades-tambem-por-causa-da-falta-de-ar-dos-pulmoes?ref=HP_DestaquesPrincipais,406,0.97,1739351028.0
soccer,Turkish Football Federation releases VAR recordings of the penalty decision for Galatasaray that led to Adana Demirspor abandoning the match in the 30th minute,0,57,58,https://www.youtube.com/watch?v=oS2r18p0u8o,57,0.85,1739388614.0
soccer,"Kylian Mbappe enters the top-10 all-time top scorer in the Champions League history, surpassing Thierry Henry.",0,2645,210,https://i.redd.it/knqdywyy9lie1.jpeg,2645,0.95,1739314154.0
soccer,2024/25 UEFA Youth League Round of 32 results,0,35,5,https://i.redd.it/qt52oocw6sie1.jpeg,35,0.92,1739397869.0
soccer,Match Thread: Feyenoord vs. AC Milan | UEFA Champions League,0,52,1055,https://www.reddit.com/r/soccer/comments/1inzuf1/match_thread_feyenoord_vs_ac_milan_uefa_champions/,52,0.94,1739389600.0
soccer,"Current state of the pitch of the Koning Boudewijnstadion, just over 24 hours before the match between USG - Ajax. The pitch has been approved by UEFA",0,73,38,https://www.reddit.com/gallery/1inx597,73,0.86,1739383128.0
soccer,"[Tom Bogert] Gremio are finalizing a deal to sign Cristian Olivera from LAFC, per sources. Deal in region of $4.5m and a very big sell-on clause.",0,24,1,https://bsky.app/profile/tombogert.bsky.social/post/3lhz737vahc2y,24,0.96,1739403270.0
soccer,Post Match Thread: Sheffield United 3-1 Middlesbrough | English League Championship,0,32,9,https://www.reddit.com/r/soccer/comments/1io2ym5/post_match_thread_sheffield_united_31/,32,0.88,1739397404.0
soccer,Guadalajara 2-0 Cibao [3-1 on agg.] - Chicharito 55',0,13,1,https://streamin.one/v/6c53de38,13,0.89,1739414365.0
soccer,Vinícius Junior: Man City Ballon d'Or banner gave me 'more strength',0,1732,148,https://africa.espn.com/football/story/_/id/43800152/vinicius-junior-man-city-ballon-dor-banner-gave-more-strength,1732,0.9,1739317783.0
soccer,Manchester City 1 - [1] Real Madrid - Kylian Mbappe 60‎'‎,0,2751,262,https://streamff.live/v/78a98866,2751,0.95,1739308827.0
soccer,[Sport] FC Barcelona has Alexander Isak as their main priority for the summer with Luis Diaz and Benjamin Sesko seen as potential targets aswell.,0,62,135,https://www.sport.es/es/noticias/barca/barcelona-fichaje-alexander-isak-luis-diaz-sesko-114195137,62,0.76,1739382512.0
soccer,Camilo Mancilla (Cibao) straight red card against Guadalajara 62',0,12,4,https://streamin.one/v/dcdfd3bd,12,1.0,1739414408.0
soccer,"Marcelo opens up about his future: ""I want to shoot films with my wife""",0,3446,251,https://www.cnnbrasil.com.br/esportes/futebol/marcelo-abre-o-jogo-sobre-futuro-quero-fazer-filmes-com-minha-mulher/,3446,0.97,1739303048.0
soccer,Match Thread: Celtic vs Bayern Munich | UEFA Champions League,0,43,586,https://www.reddit.com/r/soccer/comments/1inzyme/match_thread_celtic_vs_bayern_munich_uefa/,43,0.9,1739389888.0
soccer,Manchester City 2 - [2] Real Madrid - Brahim Díaz 86',0,2257,320,https://streamin.one/v/zno8zmwo,2257,0.96,1739310395.0
soccer,Match Thread: Corinthians vs Santos | Campeonato Paulista,0,16,10,https://www.reddit.com/r/soccer/comments/1io6f4d/match_thread_corinthians_vs_santos_campeonato/,16,0.88,1739406623.0
soccer,The Merseyside derby record in games at Goodison Park ahead of tonights final fixture,0,300,103,https://i.redd.it/9d5ejst33oie1.png,300,0.97,1739348195.0
soccer,FC Dallas Acquires Argentine Forward Luciano Acosta for up to $6 Million Cash Trade from FC Cincinnati,0,18,2,https://www.fcdallas.com/news/fc-dallas-acquires-argentine-forward-luciano-acosta-for-up-to-6-million-cash-trade-from-fc-cincinnati,18,0.89,1739403228.0
soccer,[BBC Sport] Man Utd: Ineos considering further redundancies at the club,0,123,91,https://www.bbc.com/sport/football/articles/c74me120lv8o,123,0.9,1739365311.0
soccer,Daniel Levy may continue to run Spurs in potential Qatari takeover plan,0,194,147,https://www.theguardian.com/football/2025/feb/12/tottenham-daniel-levy-qatari-investors-chairman-takeover,194,0.89,1739355311.0
soccer,"[ESPN FC] Sergio Aguero: ""Real Madrid can't beat City, if they beat City, I'll cut off my testicles""",0,10046,805,https://i.redd.it/ev5fxwptliie1.jpeg,10046,0.98,1739281820.0
soccer,River Plate makes $8M bid for Kevin Castaño from Krasnodar.,0,19,4,https://www.tycsports.com/river-plate/river-oferta-kevin-castano-krasnodar-id634733.html,19,0.86,1739400316.0
soccer,Guadalajara 3-0 Cibao [4-1 on agg.] - Armando Gonzalez 78',0,10,1,https://streamin.one/v/8e06ee23,10,0.92,1739414845.0
hockey,/r/Hockey Mock Trade Deadline Sign-Up Thread!,0,11,28,https://www.reddit.com/r/hockey/comments/1ijwaix/rhockey_mock_trade_deadline_signup_thread/,11,0.76,1738938727.0
hockey,"Daily Free Talk Thread: PLUS, links to ALL Game Day Threads inside - 12 Feb 2025",0,22,328,https://www.reddit.com/r/hockey/comments/1inrfwq/daily_free_talk_thread_plus_links_to_all_game_day/,22,0.92,1739368850.0
hockey,Nathan Mackinnon Opens the Scoring Off a Great Pass from Crosby,0,6400,401,https://v.redd.it/aps3h3i97tie1,6400,0.96,1739410105.0
hockey,[CAN (4)-3 SWE] Marner scores the OT winner for Team Canada,0,2821,502,https://v.redd.it/pm9ropf20uie1,2821,0.98,1739419799.0
hockey,Crosby named player of the game for Team Canada,0,1202,187,https://v.redd.it/p9r0wlp31uie1,1202,0.98,1739420138.0
hockey,Dahlin sits down McDavid,0,1802,177,https://v.redd.it/4o68dfimbtie1,1802,0.97,1739411570.0
hockey,Loud boos for Auston Matthews as he comes onto the ice in Montreal,0,1848,208,https://v.redd.it/qymbqyhy5tie1,1848,0.96,1739409659.0
hockey,[CAN (3)-1 SWE] Crosby brings the puck in on the rush and finds the trailing Stone to restore the two goal lead,0,919,161,https://v.redd.it/t9jeczjkmtie1,919,0.98,1739415256.0
hockey,This man deserves all the recognition.  Filip “Gus Bus” Gustavsson,0,600,58,https://i.redd.it/hobxv5h12uie1.jpeg,600,0.97,1739420449.0
hockey,Sidney Crosby's last 25 games with Team Canada,0,910,38,https://i.redd.it/jkj9ef1eatie1.png,910,0.99,1739411158.0
hockey,[Beaverton] Canadian hockey fans prepare to call the 4 Nations Face-Off a brilliant idea or some made-up bullshit depending on whether we win,0,3642,389,https://thebeaverton.com/2025/02/canadian-hockey-fans-prepare-to-call-the-4-nations-face-off-a-brilliant-idea-or-some-made-up-bullshit-depending-on-whether-we-win/,3642,0.97,1739383335.0
hockey,Canada vs Sweden Full Overtime,0,468,107,https://v.redd.it/80qfp0ev1uie1,468,1.0,1739420425.0
hockey,[LeBrun] Gary Bettman officially announces 2028 World Cup of Hockey. Says he wants Olympics and World Cups to follow each other every two years consistently,0,1124,271,https://i.redd.it/wc24ggmqksie1.jpeg,1124,0.98,1739402523.0
hockey,[CAN (2)-0 SWE] Point finds Marchand on the 2-on-1 to extend the lead,0,651,128,https://v.redd.it/uv8s36lyatie1,651,0.98,1739411345.0
hockey,"[CAN 3-(3) SWE] Bratt finds Eriksson Ek with a cross crease pass, as he scores to tie the game up",0,410,122,https://v.redd.it/8urk8tfwttie1,410,0.98,1739417718.0
hockey,"[LeBrun] Just so it’s clear, Bettman says 2028 World Cup will have countries as traditional teams, no made up teams like 2016 with Team North America and Team Europe. That’s not coming back.",0,866,222,https://i.redd.it/4rj2wpvgmsie1.png,866,0.98,1739403108.0
hockey,Nikita Zadorov mic’d up chirping Brady Tkachuk for an entire game is as entertaining as it sounds,0,1698,173,https://v.redd.it/yib7u5tj4rie1,1698,0.97,1739384972.0
hockey,Filip Gustavsson robs Devon Toews,0,293,39,https://v.redd.it/l3qoswphvtie1,293,0.99,1739418272.0
hockey,Update on the man who push the youth refs: 2 counts of fourth degree assault and banned from all USA Hockey rinks in the state of Washing,0,1358,110,https://www.reddit.com/r/hockey/comments/1inz2hd/update_on_the_man_who_push_the_youth_refs_2/,1358,0.98,1739387720.0
hockey,Crosby speaks with Kyle Bukauskas after Canada’s OT win over Sweden at 4-Nations: “You dream of playing in games like this.”,0,237,36,https://v.redd.it/djb5pc345uie1,237,0.99,1739421484.0
hockey,Meredith Gaudreau’s Instagram Story,0,927,147,https://www.reddit.com/gallery/1io1rov,927,0.95,1739394398.0
hockey,Game Thread: Canada at Sweden - 12 Feb 2025 - 08:00PM EST,0,430,13392,https://www.reddit.com/r/hockey/comments/1io6sj2/game_thread_canada_at_sweden_12_feb_2025_0800pm/,430,0.99,1739407691.0
hockey,Sydney Crosby with his Star of the Game trophy,0,223,41,https://i.redd.it/0xodxy7j1uie1.png,223,0.93,1739420304.0
hockey,McDavid is absolutely flying right now,0,352,33,https://v.redd.it/px3oys1n9tie1,352,0.95,1739410898.0
hockey,Shea to miss the rest of the tournament,0,191,97,https://i.redd.it/mx4lrqo88uie1.jpeg,191,0.99,1739422533.0
hockey,Post Game Thread: Canada at Sweden - 12 Feb 2025,0,159,508,https://www.reddit.com/r/hockey/comments/1ioauyp/post_game_thread_canada_at_sweden_12_feb_2025/,159,0.99,1739420269.0
hockey,POV: you’re at the Bell Centre,0,253,12,https://v.redd.it/u00ruyp09tie1,253,0.94,1739410691.0
hockey,A moment in history,0,136,13,https://i.redd.it/6tdn4k4s7uie1.jpeg,136,0.95,1739422379.0
hockey,"[Ryan Henkel] - Team Canada coach Jon Cooper on Seth Jarvis: ""I like that kid.""",0,306,32,https://i.redd.it/56wmdj18wsie1.png,306,0.97,1739406420.0
hockey,"Drew Doughty on Canada's OT winner: ""I didn't see it go in. I just felt it.""",0,127,26,https://i.redd.it/wyfrecjh4uie1.png,127,0.99,1739421279.0
hockey,4 Nations Swedish name pronunciations,0,1427,345,https://v.redd.it/smza1g2j7qie1,1427,0.98,1739373878.0
hockey,[CAN 2-(1) SWE] Brodin gets Sweden on the board midway through the 2nd,0,177,65,https://v.redd.it/hedu9sb0ktie1,177,0.99,1739414389.0
hockey,"[The Athletic] The NHL's Canadian goalie count has gone from 73 percent down to half that in the span of less than 20 years. While it may feel hyperbolic to call it a crisis, it’s certainly a troubling notion.",0,748,177,https://bsky.app/profile/theathletic.bsky.social/post/3lhyqx5bnbh2k,748,0.97,1739385178.0
hockey,"[LeBrun] Nathan MacKinnon said no thanks to the idea of 10 minutes OT coming to league play. Seven minutes at most, he said. Said he was absolutely gassed tonight. And I think most star players feel the same way.",0,97,65,https://i.redd.it/1oeness7euie1.jpeg,97,0.93,1739424543.0
hockey,[CAN vs SWE] Makar's stick gets broken and Binnington comes up with another big stop,0,120,21,https://v.redd.it/mdmz2eab0uie1,120,0.97,1739419880.0
hockey,"[Walker] Erik Karlsson: “Yeah, I mean, less than an ideal start, I think, for Team Sweden. That was a little bit of a nut kicker.”",0,108,10,https://i.redd.it/2zwqij4q4uie1.png,108,1.0,1739421386.0
hockey,[CAN 3-(2) SWE] Kempe with a quick shot off the rush to cut the lead to one,0,132,49,https://v.redd.it/thucgu4irtie1,132,0.96,1739416909.0
hockey,[CAN vs SWE] Dahlin sweeps the bouncing puck out of the crease to eliminate a goal opportunity,0,145,20,https://v.redd.it/cbvjq1slltie1,145,0.99,1739414925.0
hockey,[CAN vs SWE] Binnington slides across to make a big save on Zibanejad,0,110,16,https://v.redd.it/gp7ztjrzytie1,110,0.99,1739419432.0
hockey,Mitch Marner Overtime Winner Celebration,0,86,9,https://i.redd.it/4qyypzhvauie1.jpeg,86,0.97,1739423425.0
hockey,Hockey Quebec announces ban on smelling salts,0,278,91,https://globalnews.ca/news/11016101/hockey-quebec-bans-smelling-salts/,278,0.92,1739400230.0
hockey,"[CAN vs SWE] Three stars of the game presentation. Sidney Crosby (1st), Mitch Marner (2nd), Lucas Raymond (3rd)",0,97,21,https://v.redd.it/0lrba4ce1uie1,97,0.97,1739420250.0
hockey,"Nathan ""Its a lot of fun 😐"" Mackinnon",0,161,34,https://v.redd.it/szei3rjx2tie1,161,0.95,1739408707.0
hockey,"Alex Ovechkin on Matvei Michkov’s rookie season performance: ‘He’s a great guy, doing well. But I wish he would show off a little less.’",0,199,117,https://russianmachineneverbreaks.com/2025/02/12/alex-ovechkin-matvei-michkov-rookie-season-performance-show-off/,199,0.88,1739403556.0
hockey,No excuse’: Hockey world reacts to father assaulting two teenage referees during game,0,1611,267,https://www.ctvnews.ca/sports/article/seattle-dad-charged-after-teen-referees-shoved-to-ice-at-youth-hockey-game/,1611,0.97,1739361202.0
hockey,CBA extension expected without work stoppage,0,161,24,https://i.redd.it/46g88pfotsie1.jpeg,161,0.99,1739405529.0
hockey,[Manning] Vegas is allegedly looking at Marchand,0,479,279,https://bsky.app/profile/jackmanning.bsky.social/post/3lhwa64kjfk2l,479,0.93,1739383172.0
hockey,Are you excited to watch 4 Nations?,0,347,546,https://www.reddit.com/r/hockey/comments/1inz5me/are_you_excited_to_watch_4_nations/,347,0.91,1739387924.0
hockey,"Call me a mark all you want, but I’m loving this 4 Nations Faceoff.",0,86,57,https://www.reddit.com/r/hockey/comments/1io8xys/call_me_a_mark_all_you_want_but_im_loving_this_4/,86,0.77,1739414116.0
hockey,Canada loses defenseman Shea Theodore to injury in 4 Nations Face-Off opener,0,71,41,https://www.nytimes.com/athletic/6133250/2025/02/12/canada-4-nations-face-off-shea-theodore-injury-update/,71,0.99,1739416797.0
hockey,Shea Theodore goes to the Canada locker room after a collision with Adrian Kempe,0,79,43,https://v.redd.it/gk1x09mrhtie1,79,0.99,1739413631.0
hockey,Crosby no look to McKinnon,0,43,5,https://v.redd.it/bf5basnyduie1,43,0.92,1739424459.0
hockey,Does anyone ever think the nashville headshots make the jersys look like minion outfits?,0,61,5,https://www.reddit.com/gallery/1io8vt8,61,0.73,1739413923.0
hockey,"[Friedman] Gary Bettman and Marty Walsh announce 2028 World Cup of Hockey to be held in-season, with 8 teams.",0,102,45,https://i.redd.it/koc62xxarsie1.jpeg,102,0.95,1739404731.0
hockey,[Friedman] Team USA and Finland announces their starting goalies for tomorrow night(Feb 13th)’s game,0,210,52,https://i.redd.it/6p8o5zbbkrie1.jpeg,210,0.98,1739390273.0
hockey,Team Canada with some big hits early in the second period,0,56,7,https://v.redd.it/6yyihwbchtie1,56,0.92,1739413533.0
hockey,4 Nations Face-Off Players’ Stats Over Their Last 82 Games. Any surprises? [OC],0,350,279,https://www.reddit.com/gallery/1inv8w0,350,0.98,1739378563.0
hockey,Connor McDavid plays 4 Nations Trivia,0,332,111,https://v.redd.it/kzo4ukswlqie1,332,0.95,1739378704.0
hockey,World Cup of hockey returns in 2028,0,82,17,https://www.nhlpa.com/news/1-22811/world-cup-of-hockey-returns-in-2028,82,0.97,1739402532.0
hockey,Is the League seriously considering a 3-2-1 point system?,0,31,108,https://www.reddit.com/r/hockey/comments/1ioash6/is_the_league_seriously_considering_a_321_point/,31,0.76,1739420031.0
hockey,Johnny Gaudreau’s Team USA Stall,0,3332,80,https://i.redd.it/8paoxk51imie1.jpeg,3332,0.97,1739328971.0
hockey,Marner springs Toews on a nice chance,0,45,6,https://v.redd.it/zh73gnpaatie1,45,0.9,1739411119.0
hockey,Brad Marchand's Taylor Swift Favorites,0,121,46,https://v.redd.it/qlgg4dnmqrie1,121,0.79,1739392408.0
hockey,"[Henkel] Mikko Rantanen Delivers Rolex To Jack Roslovic Thanks To Finnish Support In exchange for his preferred number, Mikko Rantanen made a deal with Jack Roslovic, but the Finn needed some outside help to make it happen.",0,420,41,https://thehockeynews.com/nhl/carolina-hurricanes/players/mikko-rantanen-delivers-rolex-to-jack-roslovic-thanks-to-finnish-support,420,0.94,1739366564.0
hockey,[Johnston] Filip Gustavsson is in the starter's net for Sweden,0,257,22,https://i.redd.it/8kb6q4fidqie1.jpeg,257,0.98,1739375879.0
hockey,Binnington makes his first save of the period,0,39,7,https://v.redd.it/mz2412mbftie1,39,0.93,1739412829.0
hockey,Most Goals in NHL Since 2022,0,27,10,https://i.redd.it/v3mxhzmartie1.jpeg,27,0.78,1739416835.0
hockey,A great defensive play by Karlsson prevents a second Marchand goal,0,32,3,https://v.redd.it/lswoe3pvitie1,32,0.97,1739414028.0
hockey,"[Rosner] Per industry sources, Noah Dobson has changed agents from Andrew Maloney to Judd Moldaver.",0,145,97,https://i.redd.it/qrtwwlr80rie1.jpeg,145,0.96,1739383524.0
hockey,[NHL] Vegas Golden Knights Unveil VGK High School Hockey League,0,73,14,https://www.nhl.com/goldenknights/news/vegas-golden-knights-unveil-vgk-high-school-hockey-league,73,0.94,1739395642.0
hockey,Are we sure Brock Nelson is 33?,0,5076,685,https://i.redd.it/19myj60o4lie1.jpeg,5076,0.97,1739312370.0
hockey,Did you know Henrik Lundqvist won Gold with Team Sweeden at the 2002IIHFf Inline World Championships in Germany,0,33,10,https://www.reddit.com/r/hockey/comments/1io5wob/did_you_know_henrik_lundqvist_won_gold_with_team/,33,0.77,1739405184.0
hockey,“Tricky” | NHL commercial,0,105,43,https://www.youtube.com/watch?v=oLHMeU2ijs0,105,0.96,1739381287.0
hockey,Dad charged with assault for shoving 2 child referees at hockey game,0,3749,359,https://abcnews.go.com/US/dad-charged-assault-shoving-2-child-referees-hockey/story?id=118667407,3749,0.99,1739308715.0
hockey,PWHL Post Game Thread: Boston Fleet at New York Sirens - 12 Feb 2025,0,15,2,https://www.reddit.com/r/hockey/comments/1io8z7x/pwhl_post_game_thread_boston_fleet_at_new_york/,15,0.71,1739414231.0
hockey,Looking for 4 nations Can vs Swden FULL GAME REPLAY,0,6,1,https://www.reddit.com/r/hockey/comments/1ioclec/looking_for_4_nations_can_vs_swden_full_game/,6,1.0,1739426614.0
hockey,[Johnston] Sweden PP1,0,78,35,https://i.redd.it/0tooeri2dqie1.jpeg,78,0.96,1739375730.0
hockey,[Marek] The Seattle Kraken will be inviting the two young officials who were assaulted over the weekend along with their families to a game after the break. Sounds like they're planning something special for them.,0,3860,206,https://i.redd.it/wjfmbhrryjie1.jpeg,3860,0.98,1739298280.0
hockey,Brendan Perlini signs in the National League,0,97,23,https://i.redd.it/pk9bj8sstpie1.jpeg,97,0.89,1739369250.0
hockey,"Has there ever been a player who was fantastic in international play (Olympics, WCH, IIHF) who was mediocre in the NHL?",0,15,72,https://www.reddit.com/r/hockey/comments/1io5ucs/has_there_ever_been_a_player_who_was_fantastic_in/,15,0.77,1739405007.0
hockey,What makes a good beer league ref?,0,23,60,https://www.reddit.com/r/hockey/comments/1io28bv/what_makes_a_good_beer_league_ref/,23,0.81,1739395559.0
hockey,"[TonyAndrock] ""NEWS: The Chicago Wolves have upgraded forward Yanick Turcotte's PTO into an AHL contract for the remainder of the 2024-25 season. 
Turcotte has 61 PIM in six AHL games this season, including 42 PIM in his most recent game on February 1 against Manitoba.""",0,53,6,https://i.redd.it/k24jme7rkqie1.png,53,0.95,1739378339.0
hockey,Team Finland Feb 12 Practice,0,21,2,https://www.reddit.com/r/hockey/comments/1io0y1i/team_finland_feb_12_practice/,21,0.82,1739392318.0
hockey,PWHL Game Thread: Boston Fleet (6-5-0-0) at New York Sirens (7-5-0-2) - 12 Feb 2025 - 07:00PM EST,0,14,63,https://www.reddit.com/r/hockey/comments/1io563c/pwhl_game_thread_boston_fleet_6500_at_new_york/,14,0.75,1739403148.0
hockey,Fan catches stick during the Highest Scoring Game in the OHL (and maybe even CHL) this season between Saginaw Spirit and Guelph Storm,0,41,5,https://www.youtube.com/watch?v=jbJpjAJ-QRI,41,0.96,1739377127.0
hockey,St. Louis Blues (24th in points %) mid-season skater percentile rankings.,0,61,43,https://www.reddit.com/gallery/1inr69d,61,0.92,1739368076.0
hockey,Team Sweden Feb 12 Morning Skate,0,37,1,https://www.reddit.com/r/hockey/comments/1inujm4/team_sweden_feb_12_morning_skate/,37,0.93,1739376836.0
hockey,Jerseys for Four Nations,0,5,9,https://www.reddit.com/r/hockey/comments/1io7vic/jerseys_for_four_nations/,5,0.67,1739410868.0
hockey,The Marlies blew a 4-1 lead in the 3rd period BUT Logan Shaw wins it in OVERTIME for Toronto,0,12,3,https://v.redd.it/my8fycpsfsie1,12,0.7,1739400868.0
hockey,"[Czech Source] Martin Erat crashes DUI, sped away from the scene.",0,327,72,https://www.reddit.com/r/hockey/comments/1ini38v/czech_source_martin_erat_crashes_dui_sped_away/,327,0.96,1739332194.0
hockey,Team USA Feb 12 Practice,0,23,10,https://www.reddit.com/r/hockey/comments/1inwsxv/team_usa_feb_12_practice/,23,0.83,1739382300.0
hockey,"Watch Live: NHL commissioner Gary Bettman, NHLPA head Marty Walsh meet media",0,8,1,https://www.sportsnet.ca/nhl/article/watch-live-nhl-commissioner-gary-bettman-nhlpa-head-marty-walsh-meet-media/,8,0.69,1739401757.0
hockey,Team Canada Feb 12 Optional Skate,0,24,9,https://www.reddit.com/r/hockey/comments/1inwpu4/team_canada_feb_12_optional_skate/,24,0.88,1739382090.0
hockey,Anaheim Ducks (23rd in points %) mid-season skater percentile rankings.,0,29,20,https://www.reddit.com/gallery/1inu8kf,29,0.89,1739376088.0
hockey,Fake stat? Guess the player?,0,4,10,https://i.redd.it/5gimvgrf6uie1.jpeg,4,0.83,1739421927.0
hockey,[KHL] All-goalie brawl in the handshake line? That's new.,0,1384,89,https://v.redd.it/hpi0ib2v4kie1,1384,0.96,1739300333.0
hockey,Goalies on trying to stop Ovechkin's shot,0,3170,345,https://www.reddit.com/gallery/1imzcjy,3170,0.96,1739282844.0
hockey,Question about season tickets,0,4,21,https://www.reddit.com/r/hockey/comments/1io6xyc/question_about_season_tickets/,4,0.67,1739408132.0
hockey,New York Islanders (21st in points %) mid-season skater percentile rankings.,0,13,38,https://www.reddit.com/gallery/1io0cq9,13,0.79,1739390838.0
hockey,Who would Team Canada’s players pick to perform a halftime show?,0,994,798,https://v.redd.it/6gslksva8kie1,994,0.9,1739301487.0
